{"Mathematics": 124, "Implementation": 102, "Dynamic Programming": 25, "Graph Theory": 7, "Data Structures": 175, "String": 158, "Greedy": 33, "Bruteforcing": 125, "Graph Traversal": 11, "Sorting": 97, "Number Theory": 95, "Tree": 120, "Geometry": 100, "Segment Tree": 65, "Binary Search": 12, "Breadth-first Search": 126, "Arithmetic": 121, "Simulation": 141, "Depth-first Search": 127, "Combinatorics": 6, "Ad-hoc": 109, "Prefix Sum": 139, "Constructive": 128, "Case Work": 137, "Bitmask": 14, "Dijkstra's": 22, "Parsing": 96, "Disjoint Set": 81, "Backtracking": 5, "Divide And Conquer": 24, "Sweeping": 106, "Set / Map By Trees": 74, "Set / Map By Hashing": 136, "Priority Queue": 59, "Dynamic Programming On Trees": 92, "Stack": 71, "Two-pointer": 80, "Primality Test": 9, "Maximum Flow": 45, "Segment Tree With Lazy\n                                            Propagation": 66, "Game Theory": 140, "Dynamic Programming Using\n                                            Bitfield": 87, "Arbitrary Precision / Big\n                                            Integers": 117, "Exponentiation By Squaring": 39, "Offline Queries": 123, "Recursion": 62, "Sieve Of Eratosthenes": 67, "Probability Theory": 177, "Parametric Search": 170, "Bipartite Matching": 13, "Minimum Spanning Tree": 49, "Knapsack": 148, "Lowest Common Ancestor": 41, "Precomputation": 172, "Hashing": 8, "Topological Sorting": 78, "Value / Coordinate\n                                            Compression": 161, "Euclidean Algorithm": 26, "Strongly Connected Component": 76, "Floyd\u2013warshall": 31, "Inclusion And Exclusion": 38, "Convex Hull": 20, "Linear Algebra": 144, "Trie": 79, "Sparse Table": 84, "Fast Fourier Transform": 28, "Suffix Array And Lcp Array": 77, "Knuth\u2013morris\u2013pratt": 40, "Sliding Window": 68, "Convex Hull Trick": 89, "Randomization": 115, "Square Root Decomposition": 130, "Smaller To Larger Technique": 169, "Minimum Cost Maximum Flow": 48, "Deque": 73, "Meet In The Middle": 46, "Calculus": 111, "Heavy-light Decomposition": 35, "Sprague\u2013grundy Theorem": 70, "Geometry; 3d": 131, "Euler Tour Technique": 150, "Longest Increasing Sequence In O(n\n                                            Log N)": 43, "Line Segment Intersection\n                                            Check": 42, "Centroid Decomposition": 18, "Articulation Points And Bridges": 4, "Max-flow Min-cut Theorem": 167, "Gaussian Elimination": 32, "2-sat": 1, "Pythagoras Theorem": 60, "Ternary Search": 101, "Permutation Cycle\n                                            Decomposition": 171, "Eulerian Path / Circuit": 93, "Persistent Segment Tree": 55, "Queue": 72, "Bit Set": 152, "Heuristics": 142, "Centroid": 188, "Cactus": 143, "Physics": 116, "Chinese Remainder Theorem": 19, "Mo's": 50, "Biconnected Component": 153, "Splay Tree": 69, "Extended Euclidean Algorithm": 27, "Fermat's Little Theorem": 29, "Divide And Conquer\n                                            Optimization": 91, "Modular Multiplicative\n                                            Inverse": 164, "Bellman\u2013ford": 10, "Planar Graph": 168, "0-1 Bfs": 176, "Aho-corasick": 2, "Euler Totient Function": 151, "Parallel Binary Search": 54, "Euler Characteristic\n                                            (\u03c7=v-e+f)": 119, "Merge Sort Tree": 155, "Linearity Of Expectation": 179, "Point In Convex Polygon Check": 56, "Berlekamp\u2013massey": 110, "Multidimensional Segment Tree": 166, "Link/cut Tree": 98, "Linked List": 154, "Rabin\u2013karp": 61, "Regular Expression": 63, "Rotating Calipers": 64, "Area Of A Polygon": 3, "Travelling Salesman Problem": 138, "Manacher's": 44, "Dynamic Programming Using\n                                            Connection Profile": 107, "Dynamic Programming Using A\n                                            Deque": 108, "M\u00f6bius Inversion": 51, "Slope Trick": 157, "Tree Isomorphism": 145, "Miller\u2013rabin": 47, "Offline Dynamic Connectivity": 52, "Numerical Analysis": 122, "Aliens Trick": 134, "Hall's Theorem": 34, "Pollard Rho": 58, "Interpreter": 156, "Bipartite Graph": 197, "Linear Programming": 103, "Dual Graph": 181, "Point In Non-convex Polygon\n                                            Check": 57, "Pigeonhole Principle": 189, "Burnside's Lemma": 16, "Voronoi Diagram": 82, "Matroid": 104, "Kitamasa": 112, "Lucas Theorem": 113, "Duality": 180, "General Matching": 15, "Hungarian": 36, "Discrete Logarithm": 146, "Minimum Enclosing Circle": 162, "Z": 83, "Knuth Optimization": 90, "Dominator Tree": 135, "Monotone Queue Optimization": 165, "Statistics": 178, "Palindrome Tree": 53, "Stoer\u2013wagner": 75, "Bidirectional Search": 129, "Rope": 159, "Simulated Annealing": 184, "Half Plane Intersection": 190, "Stable Marriage Problem": 192, "Computation Theory": 194, "Geometry; Hyperdimensional": 132, "Discrete Square Root": 147, "Hirschberg's": 163, "Directed Minimum Spanning Tree": 23, "Bayes Theorem": 114, "Suffix Tree": 182, "Top Tree": 105, "Boyer\u2013moore Majority Vote": 160, "Dancing Links": 173, "Knuth's X": 174, "Green's Theorem": 183, "Pick's Theorem": 187, "Tree Compression": 193, "Generating Function": 198, "Delaunay Triangulation": 21, "Red-black Tree": 94, "A*": 186, "Constant Optimization": 195}